cellosaurus_ac,pharmacodb_id,cell_line
CVCL_M605,105KC_1_2019,105KC
CVCL_0110,1321N1_2_2019,1321N1
CVCL_2270,143B_3_2019,143B
CVCL_3040,184A1_4_2019,184A1
CVCL_4688,184B5_5_2019,184B5
CVCL_U759,2004_6_2019,2004
CVCL_X481,201T_7_2019,201T
CVCL_7931,21MT1_8_2019,21MT1
CVCL_7932,21MT2_9_2019,21MT2
CVCL_7933,21NT_10_2019,21NT
CVCL_7934,21PT_11_2019,21PT
CVCL_1045,22RV1_12_2019,22RV1
CVCL_1046,2313287_13_2019,23132-87
CVCL_7935,253J_14_2019,253J
CVCL_7937,253JBV_15_2019,253J-BV
CVCL_1798,42MGBA_16_2019,42-MG-BA
CVCL_6357,451Lu_17_2019,451Lu
CVCL_0V14,501A_18_2019,501A
CVCL_8052,537MEL_19_2019,537 MEL
CVCL_0126,5637_20_2019,5637
CVCL_2291,59M_21_2019,59M
CVCL_9875,600MPE_22_2019,600MPE
CVCL_8054,624mel_23_2019,624 mel
CVCL_1048,639V_24_2019,639-V
CVCL_1049,647V_25_2019,647-V
CVCL_0079,697_26_2019,697
CVCL_1050,769P_27_2019,769-P
CVCL_1051,7860_28_2019,786-0
CVCL_1052,8MGBA_29_2019,8-MG-BA
CVCL_1053,8305C_30_2019,8305C
CVCL_1054,8505C_31_2019,8505C
CVCL_4632,888mel_32_2019,888-mel
CVCL_C694,928mel_33_2019,928 mel
CVCL_1057,A101D_34_2019,A101D
CVCL_8481,A1207_35_2019,A1207
CVCL_0131,A172_36_2019,A172
CVCL_1058,A204_37_2019,A204
CVCL_1059,A2058_38_2019,A2058
CVCL_1060,A253_39_2019,A253
CVCL_0134,A2780_40_2019,A2780
CVCL_1062,A3KAW_41_2019,A3-KAW
CVCL_0132,A375_42_2019,A375
CVCL_1063,A388_43_2019,A388
CVCL_1064,A4Fuk_44_2019,A4-Fuk
CVCL_1055,A427_45_2019,A427
CVCL_0037,A431_46_2019,A431
CVCL_1056,A498_47_2019,A498
CVCL_0023,A549_48_2019,A549
CVCL_0080,A673_49_2019,A673
CVCL_1065,A704_50_2019,A704
CVCL_1066,ABC1_51_2019,ABC-1
CVCL_5113,ACCMESO1_52_2019,ACC-MESO-1
CVCL_6876,ACCS_53_2019,ACCS
CVCL_1067,ACHN_54_2019,ACHN
CVCL_1068,ACN_55_2019,ACN
CVCL_0139,AGS_56_2019,AGS
CVCL_1069,ALLPO_58_2019,ALL-PO
CVCL_1805,ALLSIL_59_2019,ALL-SIL
CVCL_1070,AM38_60_2019,AM-38
CVCL_1071,AML193_61_2019,AML-193
CVCL_1806,AMO1_62_2019,AMO-1
CVCL_0028,AN3CA_63_2019,AN3-CA
CVCL_1072,ARH77_64_2019,ARH-77
CVCL_2856,ASH3_65_2019,ASH-3
CVCL_6C43,ASKA_66_2019,ASKA
CVCL_0152,AsPC1_67_2019,AsPC-1
CVCL_1073,ATN1_68_2019,ATN-1
CVCL_2299,ATRFLOX_69_2019,ATRFLOX
CVCL_1074,AU565_70_2019,AU565
CVCL_2862,AZ521_72_2019,AZ-521
CVCL_1075,BALL1_73_2019,BALL-1
CVCL_1076,BB30HNC_74_2019,BB30-HNC
CVCL_1077,BB49HNC_75_2019,BB49-HNC
CVCL_1078,BB65RCC_76_2019,BB65-RCC
CVCL_1079,BC1_77_2019,BC-1
CVCL_1856,BC2_78_2019,BC-2
CVCL_1080,BC3_79_2019,BC-3
CVCL_1958,BC3C_80_2019,BC-3C
CVCL_0107,BCP1_81_2019,BCP-1
CVCL_0153,BCPAP_82_2019,BCPAP
CVCL_4613,BDCM_83_2019,BDCM
CVCL_1081,BE13_84_2019,BE-13
CVCL_0167,BE2M17_85_2019,BE2-M17
CVCL_1093,Becker_86_2019,Becker
CVCL_1082,BEN_87_2019,BEN
CVCL_1083,BFTC905_88_2019,BFTC-905
CVCL_1084,BFTC909_89_2019,BFTC-909
CVCL_3360,BGC823_90_2019,BGC-823
CVCL_1085,BHT101_91_2019,BHT-101
CVCL_1086,BHY_92_2019,BHY
CVCL_2307,BICR10_93_2019,BICR 10
CVCL_2308,BICR16_94_2019,BICR 16
CVCL_2309,BICR18_95_2019,BICR 18
CVCL_2310,BICR22_96_2019,BICR 22
CVCL_2312,BICR31_97_2019,BICR 31
CVCL_2313,BICR56_98_2019,BICR 56
CVCL_2314,BICR6_99_2019,BICR 6
CVCL_2315,BICR78_100_2019,BICR 78
CVCL_6573,BJhTERT_101_2019,BJ hTERT
CVCL_5711,BJAB_102_2019,BJAB
CVCL_1087,BL41_103_2019,BL-41
CVCL_1088,BL70_104_2019,BL-70
CVCL_1089,BOKU_105_2019,BOKU
CVCL_1090,BONNA12_106_2019,BONNA-12
CVCL_1091,BPH1_107_2019,BPH-1
CVCL_0178,BT20_108_2019,BT-20
CVCL_0179,BT474_109_2019,BT-474
CVCL_2319,BT483_110_2019,BT-483
CVCL_1092,BT549_111_2019,BT-549
CVCL_M155,BT12_113_2019,BT12
CVCL_IP10,BT145_116_2019,BT145
CVCL_WW40,BT147_117_2019,BT147
CVCL_IP11,BT159_118_2019,BT159
CVCL_M156,BT16_119_2019,BT16
CVCL_WW41,BT164_120_2019,BT164
CVCL_IP12,BT172_121_2019,BT172
CVCL_IP13,BT245_130_2019,BT245
CVCL_0181,BV173_148_2019,BV-173
CVCL_0186,BxPC3_149_2019,BxPC-3
CVCL_1094,C33A_150_2019,C-33-A
CVCL_2253,C4I_151_2019,C-4 I
CVCL_S959,C170_152_2019,C170
CVCL_1096,C2BBe1_153_2019,C2BBe1
CVCL_1097,C32_154_2019,C32
CVCL_2324,C32TG_155_2019,C32TG
CVCL_1098,C3A_156_2019,C3A
CVCL_1099,C8166_157_2019,C8166
CVCL_1100,CaSki_158_2019,Ca-Ski
CVCL_1101,CA46_159_2019,CA46
CVCL_1102,Ca922_160_2019,Ca9-22
CVCL_0025,Caco2_161_2019,Caco-2
CVCL_1103,CADOES1_162_2019,CADO-ES1
CVCL_0234,CAKI1_163_2019,CAKI-1
CVCL_0235,Caki2_164_2019,Caki-2
CVCL_1104,CAL120_165_2019,CAL-120
CVCL_1105,CAL12T_166_2019,CAL-12T
CVCL_1106,CAL148_167_2019,CAL-148
CVCL_1107,CAL27_168_2019,CAL-27
CVCL_1808,CAL29_169_2019,CAL-29
CVCL_1108,CAL33_170_2019,CAL-33
CVCL_1109,CAL39_171_2019,CAL-39
CVCL_1110,CAL51_172_2019,CAL-51
CVCL_1111,CAL54_173_2019,CAL-54
CVCL_1112,CAL62_174_2019,CAL-62
CVCL_1113,CAL72_175_2019,CAL-72
CVCL_1809,CAL78_176_2019,CAL-78
CVCL_1114,CAL851_177_2019,CAL-85-1
CVCL_0608,Calu1_178_2019,Calu-1
CVCL_0609,Calu3_179_2019,Calu-3
CVCL_0236,Calu6_180_2019,Calu-6
CVCL_1115,CAMA1_181_2019,CAMA-1
CVCL_0201,Caov3_182_2019,Caov-3
CVCL_0202,Caov4_183_2019,Caov-4
CVCL_0237,CAPAN1_184_2019,CAPAN-1
CVCL_0026,Capan2_185_2019,Capan-2
CVCL_1116,CaR1_186_2019,CaR-1
CVCL_1117,CAS1_187_2019,CAS-1
CVCL_1118,CCFSTTG1_188_2019,CCF-STTG1
CVCL_2873,CCK81_189_2019,CCK-81
CVCL_0207,CCRFCEM_190_2019,CCRF-CEM
CVCL_1860,CCRFSB_191_2019,CCRF-SB
CVCL_0209,CESS_192_2019,CESS
CVCL_1119,CFPAC1_193_2019,CFPAC-1
CVCL_1120,CGTHW1_194_2019,CGTH-W-1
CVCL_5723,CH157MN_195_2019,CH-157MN
CVCL_1121,ChaGoK1_196_2019,ChaGo-K-1
CVCL_1122,CHL1_197_2019,CHL-1
CVCL_1123,CHP126_198_2019,CHP-126
CVCL_1124,CHP134_199_2019,CHP-134
CVCL_1125,CHP212_200_2019,CHP-212
CVCL_X483,CHSA0011_201_2019,CHSA0011
CVCL_X484,CHSA0108_202_2019,CHSA0108
CVCL_X485,CHSA8926_203_2019,CHSA8926
CVCL_1861,CI1_204_2019,CI-1
CVCL_U797,CJM_205_2019,CJM
CVCL_1978,CL11_206_2019,CL-11
CVCL_1979,CL14_207_2019,CL-14
CVCL_1980,CL34_208_2019,CL-34
CVCL_1982,CL40_209_2019,CL-40
CVCL_0216,CMK_210_2019,CMK
CVCL_0217,CMK115_211_2019,CMK-11-5
CVCL_2804,CMK86_212_2019,CMK-86
CVCL_1126,CMLT1_213_2019,CML-T1
CVCL_1987,COLO201_214_2019,COLO 201
CVCL_1988,COLO206F_215_2019,COLO 206F
CVCL_0219,COLO320DM_216_2019,COLO 320DM
CVCL_1996,COLO775_217_2019,COLO 775
CVCL_2408,COLO794_218_2019,COLO 794
CVCL_2003,COLO853_219_2019,COLO 853
CVCL_2004,COLO857_220_2019,COLO 857
CVCL_0218,COLO205_221_2019,COLO-205
CVCL_1989,COLO320_222_2019,COLO-320
CVCL_0220,COLO320HSR_223_2019,COLO-320-HSR
CVCL_1128,COLO668_224_2019,COLO-668
CVCL_1862,COLO677_225_2019,COLO-677
CVCL_1129,COLO678_226_2019,COLO-678
CVCL_1130,COLO679_227_2019,COLO-679
CVCL_1131,COLO680N_228_2019,COLO-680N
CVCL_1132,COLO684_229_2019,COLO-684
CVCL_1992,COLO699_230_2019,COLO-699
CVCL_1994,COLO704_231_2019,COLO-704
CVCL_1133,COLO741_232_2019,COLO-741
CVCL_1997,COLO783_233_2019,COLO-783
CVCL_1134,COLO792_234_2019,COLO-792
CVCL_1135,COLO800_235_2019,COLO-800
CVCL_1998,COLO818_236_2019,COLO-818
CVCL_1136,COLO824_237_2019,COLO-824
CVCL_1137,COLO829_238_2019,COLO-829
CVCL_2002,COLO849_239_2019,COLO-849
CVCL_1138,CORL105_240_2019,COR-L105
CVCL_1139,CORL23_241_2019,COR-L23
CVCL_2409,CORL24_242_2019,COR-L24
CVCL_2410,CORL26_243_2019,COR-L26
CVCL_1140,CORL279_244_2019,COR-L279
CVCL_2411,CORL303_245_2019,COR-L303
CVCL_2412,CORL311_246_2019,COR-L311
CVCL_2413,CORL32_247_2019,COR-L32
CVCL_2414,CORL321_248_2019,COR-L321
CVCL_2415,CORL47_249_2019,COR-L47
CVCL_2416,CORL51_250_2019,COR-L51
CVCL_1141,CORL88_251_2019,COR-L88
CVCL_2418,CORL95_252_2019,COR-L95
CVCL_2419,COV318_253_2019,COV318
CVCL_2420,COV362_254_2019,COV362
CVCL_2422,COV413A_255_2019,COV413A
CVCL_2423,COV413B_256_2019,COV413B
CVCL_2010,COV434_257_2019,COV434
CVCL_2424,COV504_258_2019,COV504
CVCL_2425,COV644_259_2019,COV644
CVCL_1143,CP50MELB_260_2019,CP50-MEL-B
CVCL_1144,CP66MEL_261_2019,CP66-MEL
CVCL_1145,CP67MEL_262_2019,CP67-MEL
CVCL_1146,CPCN_263_2019,CPC-N
CVCL_1147,CROAP2_264_2019,CRO-AP2
CVCL_1810,CROAP3_265_2019,CRO-AP3
CVCL_T023,CS1_266_2019,CS1
CVCL_1149,CTB1_267_2019,CTB-1
CVCL_1150,CTV1_268_2019,CTV-1
CVCL_1151,CW2_269_2019,CW-2
CVCL_2011,CX1_270_2019,CX-1
CVCL_1153,D247MG_271_2019,D-247MG
CVCL_1154,D263MG_272_2019,D-263MG
CVCL_1155,D283MED_273_2019,D-283MED
CVCL_1156,D336MG_274_2019,D-336MG
CVCL_1158,D392MG_275_2019,D-392MG
CVCL_1160,D423MG_276_2019,D-423MG
CVCL_1162,D502MG_277_2019,D-502MG
CVCL_1164,D542MG_278_2019,D-542MG
CVCL_1166,D566MG_279_2019,D-566MG
CVCL_0018,D341Med_280_2019,D341 Med
CVCL_0243,DANG_281_2019,DAN-G
CVCL_1167,Daoy_282_2019,Daoy
CVCL_0008,Daudi_283_2019,Daudi
CVCL_1168,DB_284_2019,DB
CVCL_1169,DBTRG05MG_285_2019,DBTRG-05MG
CVCL_1170,DEL_286_2019,DEL
CVCL_4161,DEOC1_287_2019,DEOC-1
CVCL_1171,Detroit562_288_2019,Detroit562
CVCL_A762,DFCI024_289_2019,DFCI024
CVCL_0244,DG75_290_2019,DG-75
CVCL_6895,DIFI_291_2019,DIFI
CVCL_1172,DJM1_292_2019,DJM-1
CVCL_1173,DKMG_293_2019,DK-MG
CVCL_0248,DLD1_294_2019,DLD-1
CVCL_2019,DM3_295_2019,DM-3
CVCL_2438,DMS454_296_2019,DMS 454
CVCL_1174,DMS114_297_2019,DMS-114
CVCL_1175,DMS153_298_2019,DMS-153
CVCL_1176,DMS273_299_2019,DMS-273
CVCL_1177,DMS53_300_2019,DMS-53
CVCL_1178,DMS79_301_2019,DMS-79
CVCL_2022,DND41_302_2019,DND-41
CVCL_1179,DOHH2_303_2019,DOHH-2
CVCL_1180,DOK_304_2019,DOK
CVCL_1181,DoTc24510_306_2019,DoTc2-4510
CVCL_6774,DOV13_307_2019,DOV13
CVCL_1182,DSH1_308_2019,DSH1
CVCL_0105,DU145_309_2019,DU-145
CVCL_1183,DU4475_310_2019,DU-4475
CVCL_1184,DV90_311_2019,DV-90
CVCL_1185,EB3_312_2019,EB-3
CVCL_2027,EB1_313_2019,EB1
CVCL_1186,EB2_314_2019,EB2
CVCL_2891,EBC1_315_2019,EBC-1
CVCL_1187,ECGI10_316_2019,EC-GI-10
CVCL_1188,ECC10_317_2019,ECC10
CVCL_1189,ECC12_318_2019,ECC12
CVCL_1190,ECC4_319_2019,ECC4
CVCL_1191,EFE184_320_2019,EFE-184
CVCL_0253,EFM19_321_2019,EFM-19
CVCL_1812,EFM192A_322_2019,EFM-192A
CVCL_1813,EFM192B_323_2019,EFM-192B
CVCL_1814,EFM192C_324_2019,EFM-192C
CVCL_0029,EFO21_325_2019,EFO-21
CVCL_1192,EFO27_326_2019,EFO-27
CVCL_1193,EGI1_327_2019,EGI-1
CVCL_1194,EHEB_328_2019,EHEB
CVCL_2030,EJM_329_2019,EJM
CVCL_1195,EKVX_330_2019,EKVX
CVCL_1196,EM2_331_2019,EM-2
CVCL_X486,EMCBAC1_332_2019,EMC-BAC-1
CVCL_X487,EMCBAC2_333_2019,EMC-BAC-2
CVCL_2034,EN_334_2019,EN
CVCL_0258,EoL1cell_335_2019,EoL-1-cell
CVCL_1197,EPLC272H_336_2019,EPLC-272H
CVCL_3509,ES2_337_2019,ES-2
CVCL_1198,ES1_338_2019,ES1
CVCL_1199,ES3_339_2019,ES3
CVCL_1200,ES4_340_2019,ES4
CVCL_1201,ES5_341_2019,ES5
CVCL_1202,ES6_342_2019,ES6
CVCL_1203,ES7_343_2019,ES7
CVCL_1204,ES8_344_2019,ES8
CVCL_2035,ESO26_345_2019,ESO26
CVCL_2036,ESO51_346_2019,ESO51
CVCL_1205,ESS1_347_2019,ESS-1
CVCL_1206,ETK1_348_2019,ETK-1
CVCL_1207,EVSAT_349_2019,EVSA-T
CVCL_1208,EW1_350_2019,EW-1
CVCL_1209,EW11_351_2019,EW-11
CVCL_1210,EW12_352_2019,EW-12
CVCL_1211,EW13_353_2019,EW-13
CVCL_1212,EW16_354_2019,EW-16
CVCL_1213,EW18_355_2019,EW-18
CVCL_1214,EW22_356_2019,EW-22
CVCL_1215,EW24_357_2019,EW-24
CVCL_1216,EW3_358_2019,EW-3
CVCL_1217,EW7_359_2019,EW-7
CVCL_EQ72,EW7476_360_2019,EW7476
CVCL_V618,EW8_361_2019,EW8
CVCL_S740,EWS502_362_2019,EWS502
CVCL_2037,F36P_363_2019,F-36P
CVCL_V616,F5_364_2019,F5
CVCL_1218,FADU_365_2019,FADU
CVCL_3302,Farage_366_2019,Farage
CVCL_2045,FLO1_367_2019,FLO-1
CVCL_1219,FTC133_368_2019,FTC-133
CVCL_2447,FTC238_369_2019,FTC-238
CVCL_2047,FUOV1_370_2019,FU-OV-1
CVCL_2908,FU97_371_2019,FU97
CVCL_2909,"G292_clone_A141B1_372_2019","G-292, clone A141B1"
CVCL_1220,G361_373_2019,G-361
CVCL_0270,G401_374_2019,G-401
CVCL_1221,G402_375_2019,G-402
CVCL_W798,GMEL_376_2019,G-MEL
CVCL_N739,G111_377_2019,G111
CVCL_N740,G112_378_2019,G112
CVCL_N741,G118_379_2019,G118
CVCL_N742,G120_380_2019,G120
CVCL_N743,G121_381_2019,G121
CVCL_N744,G122_382_2019,G122
CVCL_N746,G124_383_2019,G124
CVCL_N747,G130_384_2019,G130
CVCL_N748,G140_385_2019,G140
CVCL_N749,G141_386_2019,G141
CVCL_N750,G142_387_2019,G142
CVCL_N723,G22_388_2019,G22
CVCL_0V15,G28T_389_2019,G28T
CVCL_N727,G44_390_2019,G44
CVCL_N729,G59_391_2019,G59
CVCL_N731,G61_392_2019,G61
CVCL_N735,G84_393_2019,G84
CVCL_N736,G96_394_2019,G96
CVCL_1222,GA10_395_2019,GA-10
CVCL_1224,GA10Clone4_396_2019,GA-10-Clone-4
CVCL_1225,GAK_397_2019,GAK
CVCL_1226,GAMG_398_2019,GAMG
CVCL_1227,GB1_399_2019,GB-1
CVCL_1228,GCIY_400_2019,GCIY
CVCL_1229,GCT_401_2019,GCT
CVCL_1230,GDM1_402_2019,GDM-1
CVCL_0271,Geo_403_2019,Geo
CVCL_1231,GI1_404_2019,GI-1
CVCL_1232,GIMEN_405_2019,GI-ME-N
CVCL_3371,GLC82_406_2019,GLC-82
CVCL_1233,GMS10_407_2019,GMS-10
CVCL_2050,GOS3_408_2019,GOS-3
CVCL_1234,GOTO_409_2019,GOTO
CVCL_2450,Gp2D_410_2019,Gp2D
CVCL_1235,GP5d_411_2019,GP5d
CVCL_2451,GRM_412_2019,GR-M
CVCL_1236,GRST_413_2019,GR-ST
CVCL_1818,GRANTA519_414_2019,GRANTA-519
CVCL_8876,GSS_415_2019,GSS
CVCL_8877,GSU_416_2019,GSU
CVCL_1237,GT3TKB_417_2019,GT3TKB
CVCL_7668,GTL16_418_2019,GTL-16
CVCL_1238,HEMCSS_419_2019,H-EMC-SS
CVCL_A543,H2591_423_2019,H2591
CVCL_U995,H2731_426_2019,H2731
CVCL_V000,H2818_431_2019,H2818
CVCL_V001,H2869_432_2019,H2869
CVCL_A555,H290_433_2019,H290
CVCL_A464,H3118_434_2019,H3118
CVCL_1239,H4_437_2019,H4
CVCL_A570,H513_438_2019,H513
CVCL_1240,H9_439_2019,H9
CVCL_1241,HA7RCC_440_2019,HA7-RCC
CVCL_1242,HAL01_441_2019,HAL-01
CVCL_2914,HARA_442_2019,HARA
CVCL_4362,HBL100_443_2019,HBL-100
CVCL_1243,HC1_444_2019,HC-1
CVCL_0289,HCA7_445_2019,HCA-7
CVCL_5126,HCC1171_446_2019,HCC-1171
CVCL_5127,HCC1195_447_2019,HCC-1195
CVCL_5128,HCC1359_448_2019,HCC-1359
CVCL_L088,HCC1438_449_2019,HCC-1438
CVCL_2057,HCC15_450_2019,HCC-15
CVCL_A351,HCC1588_451_2019,HCC-1588
CVCL_5129,HCC1833_452_2019,HCC-1833
CVCL_V578,HCC1897_453_2019,HCC-1897
CVCL_A352,HCC2108_454_2019,HCC-2108
CVCL_5131,HCC2279_455_2019,HCC-2279
CVCL_V586,HCC2814_456_2019,HCC-2814
CVCL_2058,HCC33_457_2019,HCC-33
CVCL_2059,HCC366_458_2019,HCC-366
CVCL_2060,HCC44_459_2019,HCC-44
CVCL_2917,HCC56_460_2019,HCC-56
CVCL_2061,HCC78_461_2019,HCC-78
CVCL_V622,HCC827GR5_462_2019,HCC-827-GR5
CVCL_5137,HCC95_463_2019,HCC-95
CVCL_1244,HCC1008_464_2019,HCC1008
CVCL_V675,HCC1011_465_2019,HCC1011
CVCL_1245,HCC1143_466_2019,HCC1143
CVCL_1246,HCC1143BL_467_2019,HCC1143BL
CVCL_V651,HCC1162_468_2019,HCC1162
CVCL_1247,HCC1187_469_2019,HCC1187
CVCL_V719,HCC12_470_2019,HCC12
CVCL_V686,HCC1263_471_2019,HCC1263
CVCL_V671,HCC1319_472_2019,HCC1319
CVCL_1249,HCC1395_473_2019,HCC1395
CVCL_1251,HCC1419_474_2019,HCC1419
CVCL_1252,HCC1428_475_2019,HCC1428
CVCL_V591,HCC1482_476_2019,HCC1482
CVCL_V592,HCC1493_477_2019,HCC1493
CVCL_1254,HCC1500_478_2019,HCC1500
CVCL_V595,HCC1534_479_2019,HCC1534
CVCL_1255,HCC1569_480_2019,HCC1569
CVCL_V597,HCC1576_481_2019,HCC1576
CVCL_1256,HCC1599_482_2019,HCC1599
CVCL_1258,HCC1806_483_2019,HCC1806
CVCL_5130,HCC193_484_2019,HCC193
CVCL_0290,HCC1937_485_2019,HCC1937
CVCL_1259,HCC1954_486_2019,HCC1954
CVCL_2062,HCC202_487_2019,HCC202
CVCL_1261,HCC2157_488_2019,HCC2157
CVCL_3375,HCC2185_489_2019,HCC2185
CVCL_1263,HCC2218_490_2019,HCC2218
CVCL_V635,HCC2270_491_2019,HCC2270
CVCL_V636,HCC2302_492_2019,HCC2302
CVCL_3376,HCC2688_493_2019,HCC2688
CVCL_V588,HCC2885_494_2019,HCC2885
CVCL_0V16,HCC2911_495_2019,HCC2911
CVCL_1265,HCC2935_496_2019,HCC2935
CVCL_1266,HCC2998_497_2019,HCC2998
CVCL_3377,HCC3153_498_2019,HCC3153
CVCL_5134,HCC364_499_2019,HCC364
CVCL_1267,HCC38_500_2019,HCC38
CVCL_1268,HCC38BL_501_2019,HCC38BL
CVCL_1269,HCC4006_502_2019,HCC4006
CVCL_S700,HCC4011_503_2019,HCC4011
CVCL_V579,HCC4017_504_2019,HCC4017
CVCL_5135,HCC461_505_2019,HCC461
CVCL_5136,HCC515_506_2019,HCC515
CVCL_G002,HCC60_507_2019,HCC60
CVCL_V729,HCC630_508_2019,HCC630
CVCL_1270,HCC70_509_2019,HCC70
CVCL_3378,HCC712_510_2019,HCC712
CVCL_2063,HCC827_512_2019,HCC827
CVCL_V731,HCC89_513_2019,HCC89
CVCL_1271,HCE4_514_2019,HCE-4
CVCL_5138,HCE7_515_2019,HCE-7
CVCL_1272,HCET_516_2019,HCE-T
CVCL_0291,HCT116_517_2019,HCT-116
CVCL_0292,HCT15_518_2019,HCT-15
CVCL_2478,HCT8_519_2019,HCT-8
CVCL_1273,HDMYZ_520_2019,HD-MY-Z
CVCL_0009,HDLM2_521_2019,HDLM-2
CVCL_2067,HDQP1_522_2019,HDQ-P1
CVCL_1274,HEC1_523_2019,HEC-1
CVCL_0293,HEC1A_524_2019,HEC-1-A
CVCL_2923,HEC108_525_2019,HEC-108
CVCL_2925,HEC151_526_2019,HEC-151
CVCL_2927,HEC251_527_2019,HEC-251
CVCL_2928,HEC265_528_2019,HEC-265
CVCL_2929,HEC50B_529_2019,HEC-50B
CVCL_2930,HEC59_530_2019,HEC-59
CVCL_2931,HEC6_531_2019,HEC-6
CVCL_0294,HEC1B_532_2019,HEC1B
CVCL_0001,HEL_534_2019,HEL
CVCL_2481,HEL92_1_7_535_2019,HEL 92.1.7
CVCL_0030,HeLa_536_2019,HeLa
CVCL_1278,HeLaSF_537_2019,HeLaSF
CVCL_0326,Hep3B2_17_538_2019,Hep 3B2.1-7
CVCL_0027,HepG2_539_2019,Hep G2
CVCL_1906,HEp2_540_2019,HEp-2
CVCL_0297,HEY_541_2019,HEY
CVCL_8878,HeyA8_542_2019,Hey-A8
CVCL_1279,HGC27_543_2019,HGC-27
CVCL_1280,HH_544_2019,HH
CVCL_0302,HK2_545_2019,HK-2
CVCL_0002,HL60_546_2019,HL-60
CVCL_5529,HLC1_547_2019,HLC-1
CVCL_1281,HLE_548_2019,HLE
CVCL_2947,HLF_549_2019,HLF
CVCL_2255,HLFa_550_2019,HLF-a
CVCL_6670,HM7_551_2019,HM7
CVCL_2949,HMC18_552_2019,HMC-1-8
CVCL_3317,HMCB_553_2019,HMCB
CVCL_IZ34,HMEL_554_2019,HMEL
CVCL_1282,HMVII_555_2019,HMV-II
CVCL_2950,HMY1_556_2019,HMY-1
CVCL_1283,HN_557_2019,HN
CVCL_2071,HNT34_558_2019,HNT-34
CVCL_1284,HO1N1_559_2019,HO-1-N-1
CVCL_2784,HO1u1_560_2019,HO-1-u-1
CVCL_1285,HOP62_561_2019,HOP-62
CVCL_1286,HOP92_562_2019,HOP-92
CVCL_0312,HOS_563_2019,HOS
CVCL_3517,HPAC_564_2019,HPAC
CVCL_0313,HPAFII_565_2019,HPAF-II
CVCL_1820,HPBALL_566_2019,HPB-ALL
CVCL_2514,HRT18_567_2019,HRT-18
CVCL_0660,Hs172_T_568_2019,Hs 172.T
CVCL_0698,Hs229_T_569_2019,Hs 229.T
CVCL_0707,Hs255_T_570_2019,Hs 255.T
CVCL_0711,Hs274_T_571_2019,Hs 274.T
CVCL_0715,Hs281_T_572_2019,Hs 281.T
CVCL_0331,Hs294T_573_2019,Hs 294T
CVCL_0726,Hs343_T_574_2019,Hs 343.T
CVCL_0735,Hs38_T_575_2019,Hs 38.T
CVCL_0802,Hs571T_576_2019,Hs 571.T
CVCL_0814,Hs600_T_577_2019,Hs 600.T
CVCL_0816,Hs604_T_578_2019,Hs 604.T
CVCL_0819,Hs606_T_579_2019,Hs 606.T
CVCL_0823,Hs611_T_580_2019,Hs 611.T
CVCL_0825,Hs616_T_581_2019,Hs 616.T
CVCL_0827,Hs618_T_582_2019,Hs 618.T
CVCL_0836,Hs675_T_583_2019,Hs 675.T
CVCL_0844,Hs683_584_2019,Hs 683
CVCL_0846,Hs688_A_T_585_2019,Hs 688(A).T
CVCL_0851,Hs695T_586_2019,Hs 695T
CVCL_0855,Hs698_T_587_2019,Hs 698.T
CVCL_0863,Hs706_T_589_2019,Hs 706.T
CVCL_0871,Hs729_590_2019,Hs 729
CVCL_0878,Hs737_T_591_2019,Hs 737.T
CVCL_0882,Hs739_T_592_2019,Hs 739.T
CVCL_0888,Hs742_T_593_2019,Hs 742.T
CVCL_0333,Hs746T_594_2019,Hs 746T
CVCL_0891,Hs751_T_595_2019,Hs 751.T
CVCL_0334,Hs766T_596_2019,Hs 766T
CVCL_0928,Hs819_T_597_2019,Hs 819.T
CVCL_0932,Hs821_T_598_2019,Hs 821.T
CVCL_0933,Hs822_T_599_2019,Hs 822.T
CVCL_0938,Hs834_T_600_2019,Hs 834.T
CVCL_0941,Hs839_T_601_2019,Hs 839.T
CVCL_0942,Hs840_T_602_2019,Hs 840.T
CVCL_0950,Hs852_T_603_2019,Hs 852.T
CVCL_0959,Hs863_T_604_2019,Hs 863.T
CVCL_0966,Hs870_T_605_2019,Hs 870.T
CVCL_0979,Hs888_T_606_2019,Hs 888.T
CVCL_0993,Hs895_T_607_2019,Hs 895.T
CVCL_1031,Hs934_T_608_2019,Hs 934.T
CVCL_1033,Hs936_T_609_2019,Hs 936.T
CVCL_1036,Hs939_T_610_2019,Hs 939.T
CVCL_1038,Hs940_T_611_2019,Hs 940.T
CVCL_1040,Hs944_T_612_2019,Hs 944.T
CVCL_0761,Hs445_613_2019,Hs-445
CVCL_0332,Hs578T_614_2019,Hs-578-T
CVCL_0832,Hs633T_615_2019,Hs-633T
CVCL_2516,HSSultan_616_2019,HS-Sultan
CVCL_0807,HS578BST_617_2019,HS578BST
CVCL_0977,HS888LU_618_2019,HS888LU
CVCL_1287,HSC2_619_2019,HSC-2
CVCL_1288,HSC3_620_2019,HSC-3
CVCL_A385,HSC39_621_2019,HSC-39
CVCL_1289,HSC4_622_2019,HSC-4
CVCL_1290,HT_624_2019,HT
CVCL_0317,HT1080_625_2019,HT-1080
CVCL_2520,HT115_626_2019,HT-115
CVCL_1291,HT1197_627_2019,HT-1197
CVCL_1292,HT1376_628_2019,HT-1376
CVCL_0318,HT144_629_2019,HT-144
CVCL_0320,HT29_630_2019,HT-29
CVCL_1293,HT3_631_2019,HT-3
CVCL_1294,HT55_632_2019,HT55
CVCL_1295,HTCC3_633_2019,HTC-C3
CVCL_2522,HTK_634_2019,HTK-
CVCL_0324,HuCCT1_635_2019,HuCCT1
CVCL_4846,HuG1N_636_2019,HuG1-N
CVCL_2956,huH1_637_2019,huH-1
CVCL_2955,HuH28_638_2019,HuH-28
CVCL_1296,HUH6clone5_639_2019,HUH-6-clone5
CVCL_0336,HuH7_640_2019,HuH-7
CVCL_2526,HuNS1_641_2019,HuNS1
CVCL_1297,HuO3N1_642_2019,HuO-3N1
CVCL_1298,HuO9_643_2019,HuO9
CVCL_1299,HuPT3_644_2019,HuP-T3
CVCL_1300,HuPT4_645_2019,HuP-T4
CVCL_3526,HuT102_646_2019,HuT 102
CVCL_0337,HuT78_647_2019,HuT 78
CVCL_1301,HUTU80_648_2019,HUTU-80
CVCL_3725,I92_649_2019,I-9-2
CVCL_1302,IALM_650_2019,IA-LM
CVCL_1303,IGR1_651_2019,IGR-1
CVCL_2075,IGR37_652_2019,IGR-37
CVCL_2076,IGR39_653_2019,IGR-39
CVCL_1304,IGROV1_654_2019,IGROV-1
CVCL_2960,IHH4_655_2019,IHH-4
CVCL_1305,IM9_656_2019,IM-9
CVCL_2961,IM95_657_2019,IM-95
CVCL_2962,IM95m_658_2019,IM-95m
CVCL_0346,IMR32_659_2019,IMR-32
CVCL_1306,IMR5_660_2019,IMR-5
CVCL_5779,IOMMLee_661_2019,IOMM-Lee
CVCL_5540,IOSE364_662_2019,IOSE-364-
CVCL_5541,IOSE397_663_2019,IOSE-397
CVCL_E234,IOSE523_664_2019,IOSE-523-
CVCL_EQ74,IOSE7516SV40_665_2019,IOSE-75-16SV40
CVCL_1307,IPC298_666_2019,IPC-298
CVCL_2529,Ishikawa_667_2019,Ishikawa
CVCL_6543,Ishikawa_Heraklio_02ER_668_2019,Ishikawa (Heraklio) 02 ER-
CVCL_1308,ISTMEL1_669_2019,IST-MEL1
CVCL_1311,ISTMES1_670_2019,IST-MES1
CVCL_1312,ISTMES2_671_2019,IST-MES2
CVCL_1313,ISTSL1_672_2019,IST-SL1
CVCL_1314,ISTSL2_673_2019,IST-SL2
CVCL_1316,JRT3T35_674_2019,J-RT3-T3-5
CVCL_0359,J82_675_2019,J82
CVCL_0360,JAR_676_2019,JAR
CVCL_0363,JEG3_677_2019,JEG-3
CVCL_1865,JeKo1_678_2019,JeKo-1
CVCL_8098,JHEsoAd1_679_2019,JH-EsoAd1
CVCL_2785,JHH1_680_2019,JHH-1
CVCL_2786,JHH2_681_2019,JHH-2
CVCL_2787,JHH4_682_2019,JHH-4
CVCL_0364,JHH5_683_2019,JHH-5
CVCL_2788,JHH6_684_2019,JHH-6
CVCL_2805,JHH7_685_2019,JHH-7
CVCL_4640,JHOC5_686_2019,JHOC-5
CVCL_4644,JHOM1_687_2019,JHOM-1
CVCL_4645,JHOM2B_688_2019,JHOM-2B
CVCL_4647,JHOS2_689_2019,JHOS-2
CVCL_4648,JHOS3_690_2019,JHOS-3
CVCL_4649,JHOS4_691_2019,JHOS-4
CVCL_5986,JHU011_692_2019,JHU-011
CVCL_5988,JHU013_693_2019,JHU-013
CVCL_5989,JHU019_694_2019,JHU-019
CVCL_5991,JHU022_695_2019,JHU-022
CVCL_5992,JHU028_696_2019,JHU-028
CVCL_5993,JHU029_697_2019,JHU-029
CVCL_4655,JHUEM1_698_2019,JHUEM-1
CVCL_4656,JHUEM2_699_2019,JHUEM-2
CVCL_4657,JHUEM3_700_2019,JHUEM-3
CVCL_4658,JHUEM7_701_2019,JHUEM-7
CVCL_2077,JIMT1_702_2019,JIMT-1
CVCL_1317,Jiyoye_703_2019,Jiyoye
CVCL_D605,JJ012_705_2019,JJ012
CVCL_2078,JJN3_706_2019,JJN-3
CVCL_2079,JK1_707_2019,JK-1
CVCL_2080,JL1_708_2019,JL-1
CVCL_3532,JM1_709_2019,JM1
CVCL_2081,JMSU1_710_2019,JMSU-1
CVCL_3728,JSC1_711_2019,JSC-1
CVCL_0065,JURKAT_712_2019,JURKAT
CVCL_0367,"Jurkat_Clone_E61_713_2019","Jurkat, Clone E6-1"
CVCL_2086,JURLMK1_714_2019,JURL-MK1
CVCL_1319,JVM2_715_2019,JVM-2
CVCL_1320,JVM3_716_2019,JVM-3
CVCL_0004,K562_717_2019,K-562
CVCL_8784,K029AX_718_2019,K029AX
CVCL_1321,K052_719_2019,K052
CVCL_2537,K1_720_2019,K1
CVCL_W796,K19_721_2019,K19
CVCL_AT85,K2_722_2019,K2
CVCL_AT86,K4_723_2019,K4
CVCL_1322,K5_724_2019,K5
CVCL_1323,KALS1_726_2019,KALS-1
CVCL_1821,KARPAS1106P_727_2019,KARPAS-1106P
CVCL_1822,KARPAS231_728_2019,KARPAS-231
CVCL_1324,KARPAS299_729_2019,KARPAS-299
CVCL_1325,KARPAS422_730_2019,KARPAS-422
CVCL_1326,KARPAS45_731_2019,KARPAS-45
CVCL_1823,KARPAS620_732_2019,KARPAS-620
CVCL_0589,KASUMI1_733_2019,KASUMI-1
CVCL_0590,KASUMI2_734_2019,KASUMI-2
CVCL_0612,Kasumi3_735_2019,Kasumi-3
CVCL_0614,Kasumi6_736_2019,Kasumi-6
CVCL_0371,KATOIII_737_2019,KATOIII
CVCL_2090,KCIMOH1_738_2019,KCI-MOH1
CVCL_2091,KCL22_739_2019,KCL-22
CVCL_1327,KE37_740_2019,KE-37
CVCL_3385,KE39_741_2019,KE-39
CVCL_3386,KE97_742_2019,KE-97
CVCL_2092,KELLY_743_2019,KELLY
CVCL_0374,KG1_744_2019,KG-1
CVCL_2971,KG1C_745_2019,KG-1-C
CVCL_0375,KGN_746_2019,KGN
CVCL_2972,KHM1B_747_2019,KHM-1B
CVCL_2093,KiJK_748_2019,Ki-JK
CVCL_1328,KINGS1_749_2019,KINGS-1
CVCL_1329,KLE_750_2019,KLE
CVCL_5146,KLM1_751_2019,KLM-1
CVCL_1330,KMH2_752_2019,KM-H2
CVCL_1331,KM12_753_2019,KM12
CVCL_2977,KMBC2_754_2019,KMBC-2
CVCL_S641,KMH2_755_2019,KMH-2
CVCL_2981,KMM1_756_2019,KMM-1
CVCL_1332,KMOE2_757_2019,KMOE-2
CVCL_2983,KMRC1_758_2019,KMRC-1
CVCL_2984,KMRC2_759_2019,KMRC-2
CVCL_2986,KMRC20_760_2019,KMRC-20
CVCL_2985,KMRC3_761_2019,KMRC-3
CVCL_2989,KMS11_762_2019,KMS-11
CVCL_1334,KMS12BM_763_2019,KMS-12-BM
CVCL_1333,KMS12PE_764_2019,KMS-12-PE
CVCL_A637,KMS18_765_2019,KMS-18
CVCL_2990,KMS20_766_2019,KMS-20
CVCL_2991,KMS21BM_767_2019,KMS-21BM
CVCL_2992,KMS26_768_2019,KMS-26
CVCL_2993,KMS27_769_2019,KMS-27
CVCL_2994,KMS28BM_770_2019,KMS-28BM
CVCL_2995,KMS28PE_771_2019,KMS-28PE
CVCL_2996,KMS34_772_2019,KMS-34
CVCL_0378,KNS42_773_2019,KNS-42
CVCL_2798,KNS60_774_2019,KNS-60
CVCL_1335,KNS62_775_2019,KNS-62
CVCL_1336,KNS81FD_776_2019,KNS-81-FD
CVCL_2799,KNS81_777_2019,KNS81
CVCL_3001,KON_778_2019,KON
CVCL_1866,KOPN8_779_2019,KOPN-8
CVCL_1337,KOSC2_780_2019,KOSC-2
CVCL_3002,KP1N_781_2019,KP-1N
CVCL_3003,KP1NL_782_2019,KP-1NL
CVCL_3004,KP2_783_2019,KP-2
CVCL_3005,KP3_784_2019,KP-3
CVCL_1338,KP4_785_2019,KP-4
CVCL_1339,KPNRTBM1_786_2019,KP-N-RT-BM-1
CVCL_1340,KPNS19s_787_2019,KP-N-S19s
CVCL_1341,KPNYN_788_2019,KP-N-YN
CVCL_1342,KPNYS_789_2019,KP-N-YS
CVCL_2094,KPL1_790_2019,KPL-1
CVCL_5310,KPL4_791_2019,KPL-4
CVCL_1343,KS1_793_2019,KS-1
CVCL_1344,KU1919_794_2019,KU-19-19
CVCL_0379,KU812_795_2019,KU812
CVCL_1345,KURAMOCHI_796_2019,KURAMOCHI
CVCL_1346,KY821_797_2019,KY821
CVCL_1825,KYAE1_798_2019,KYAE-1
CVCL_3007,KYM1_799_2019,KYM-1
CVCL_2095,KYO1_800_2019,KYO-1
CVCL_1347,KYSE140_801_2019,KYSE-140
CVCL_1348,KYSE150_802_2019,KYSE-150
CVCL_1349,KYSE180_803_2019,KYSE-180
CVCL_1359,KYSE220_804_2019,KYSE-220
CVCL_1350,KYSE270_805_2019,KYSE-270
CVCL_1351,KYSE30_806_2019,KYSE-30
CVCL_1352,KYSE410_807_2019,KYSE-410
CVCL_1353,KYSE450_808_2019,KYSE-450
CVCL_1360,KYSE50_809_2019,KYSE-50
CVCL_1354,KYSE510_810_2019,KYSE-510
CVCL_1355,KYSE520_811_2019,KYSE-520
CVCL_1356,KYSE70_812_2019,KYSE-70
CVCL_2096,L1236_813_2019,L-1236
CVCL_1357,L363_814_2019,L-363
CVCL_1361,L428_815_2019,L-428
CVCL_1362,L540_816_2019,L-540
CVCL_8147,L3_3_817_2019,L3.3
CVCL_0388,LAMA84_818_2019,LAMA-84
CVCL_1363,LAN6_819_2019,LAN-6
CVCL_1364,LB1047RCC_820_2019,LB1047-RCC
CVCL_1365,LB2241RCC_821_2019,LB2241-RCC
CVCL_1366,LB2518MEL_822_2019,LB2518-MEL
CVCL_1367,LB373MELD_823_2019,LB373-MEL-D
CVCL_1368,LB647SCLC_824_2019,LB647-SCLC
CVCL_1369,LB771HNC_825_2019,LB771-HNC
CVCL_1370,LB831BLC_826_2019,LB831-BLC
CVCL_1371,LB996RCC_827_2019,LB996-RCC
CVCL_3008,LC1sq_828_2019,LC-1-sq
CVCL_5480,LC1_sqSF_829_2019,LC-1/sq-SF
CVCL_1372,LC1F_830_2019,LC-1F
CVCL_1373,LC2ad_831_2019,LC-2-ad
CVCL_1374,LC41_832_2019,LC4-1
CVCL_1375,LCLC103H_833_2019,LCLC-103H
CVCL_1376,LCLC97TM1_834_2019,LCLC-97TM1
CVCL_3840,Li7_835_2019,Li-7
CVCL_2574,LIM1215_836_2019,LIM1215
CVCL_1377,LK2_837_2019,LK-2
CVCL_4849,LMSU_838_2019,LMSU
CVCL_0392,LN18_839_2019,LN-18
CVCL_3954,LN215_840_2019,LN-215
CVCL_0393,LN229_841_2019,LN-229
CVCL_3957,LN235_842_2019,LN-235
CVCL_3958,LN319_843_2019,LN-319
CVCL_3955,LN340_844_2019,LN-340
CVCL_1378,LN405_845_2019,LN-405
CVCL_3959,LN428_846_2019,LN-428
CVCL_3960,LN443_847_2019,LN-443
CVCL_3962,LN464_848_2019,LN-464
CVCL_3956,LN382_849_2019,LN382
CVCL_0395,LNCAP_850_2019,LNCAP
CVCL_1379,LNCaPCloneFGC_851_2019,LNCaP-Clone-FGC
CVCL_0394,LNZ308_852_2019,LNZ308
CVCL_3540,LNZTA3WT4_853_2019,LNZTA3WT4
CVCL_2104,LOUNH91_854_2019,LOU-NH91
CVCL_1380,LOUCY_855_2019,LOUCY
CVCL_0399,LoVo_856_2019,LoVo
CVCL_1381,LOXIMVI_857_2019,LOXIMVI
CVCL_0012,LP1_858_2019,LP-1
CVCL_0397,LS180_859_2019,LS 180
CVCL_1382,LS1034_860_2019,LS-1034
CVCL_1383,LS123_861_2019,LS-123
CVCL_1384,LS174T_862_2019,LS-174T
CVCL_1385,LS411N_863_2019,LS-411N
CVCL_1386,LS513_864_2019,LS-513
CVCL_1387,LU134A_865_2019,LU-134-A
CVCL_1389,LU135_866_2019,LU-135
CVCL_1390,LU139_867_2019,LU-139
CVCL_1391,LU165_868_2019,LU-165
CVCL_1392,LU65_869_2019,LU-65
CVCL_1393,LU99A_870_2019,LU-99A
CVCL_2582,LUDLU1_871_2019,LUDLU-1
CVCL_1394,LXF289_872_2019,LXF-289
CVCL_D085,LXFL529_873_2019,LXFL529
CVCL_9579,LY2_874_2019,LY2
CVCL_2106,M07e_875_2019,M-07e
CVCL_S808,M00921_876_2019,M00921
CVCL_0400,M059J_877_2019,M059J
CVCL_0401,M059K_878_2019,M059K
CVCL_1395,M14_879_2019,M14
CVCL_S675,M980513_880_2019,M980513
CVCL_4571,MACLS2_881_2019,MA-CLS-2
CVCL_1438,Malme3M_882_2019,Malme-3M
CVCL_1396,MC1010_884_2019,MC-1010
CVCL_1397,MCCAR_885_2019,MC-CAR
CVCL_1398,MCIXC_886_2019,MC-IXC
CVCL_1399,MC116_887_2019,MC116
CVCL_3020,MCAS_888_2019,MCAS
CVCL_2583,MCC13_889_2019,MCC13
CVCL_2585,MCC26_890_2019,MCC26
CVCL_0598,MCF10A_891_2019,MCF10A
CVCL_5552,MCF10DCIS_com_892_2019,MCF10DCIS.com
CVCL_3633,MCF10F_893_2019,MCF10F
CVCL_3744,MCF12A_894_2019,MCF12A
CVCL_0031,MCF7_895_2019,MCF7
CVCL_4748,MDAPCa2b_896_2019,MDA PCa 2b
CVCL_0617,MDAMB134VI_897_2019,MDA-MB-134-VI
CVCL_0618,MDAMB157_898_2019,MDA-MB-157
CVCL_1400,MDAMB175VII_899_2019,MDA-MB-175-VII
CVCL_0062,MDAMB231_900_2019,MDA-MB-231
CVCL_0619,MDAMB330_901_2019,MDA-MB-330
CVCL_0620,MDAMB361_902_2019,MDA-MB-361
CVCL_0621,MDAMB415_903_2019,MDA-MB-415
CVCL_0417,MDAMB435_904_2019,MDA-MB-435
CVCL_0623,MDAMB436_905_2019,MDA-MB-436
CVCL_0418,MDAMB453_906_2019,MDA-MB-453
CVCL_0419,MDAMB468_907_2019,MDA-MB-468
CVCL_2588,MDST8_908_2019,MDST8
CVCL_2110,ME1_909_2019,ME-1
CVCL_1401,ME180_910_2019,ME-180
CVCL_1870,MEC1_911_2019,MEC-1
CVCL_1871,MEC2_912_2019,MEC-2
CVCL_0425,MEG01_913_2019,MEG-01
CVCL_1402,MELHO_914_2019,MEL-HO
CVCL_1403,MELJUSO_915_2019,MEL-JUSO
CVCL_1404,MESSA_916_2019,MES-SA
CVCL_VS57,MET2B_917_2019,MET-2B
CVCL_0445,Mewo_918_2019,Mewo
CVCL_1405,MFE280_919_2019,MFE-280
CVCL_1406,MFE296_920_2019,MFE-296
CVCL_2112,MFE319_921_2019,MFE-319
CVCL_1407,MFHino_922_2019,MFH-ino
CVCL_1408,MFM223_923_2019,MFM-223
CVCL_0426,MG63_924_2019,MG-63
CVCL_1409,MHHCALL2_925_2019,MHH-CALL-2
CVCL_0089,MHHCALL3_926_2019,MHH-CALL-3
CVCL_1410,MHHCALL4_927_2019,MHH-CALL-4
CVCL_1411,MHHES1_928_2019,MHH-ES-1
CVCL_1412,MHHNB11_929_2019,MHH-NB-11
CVCL_1413,MHHPREB1_930_2019,MHH-PREB-1
CVCL_0428,MIAPaCa2_931_2019,MIA-PaCa-2
CVCL_1872,Mino_932_2019,Mino
CVCL_1414,MJ_933_2019,MJ
CVCL_EQ71,MKL1subclone2_934_2019,MKL-1-subclone-2
CVCL_D027,MKL2_935_2019,MKL-2
CVCL_1415,MKN1_936_2019,MKN1
CVCL_1416,MKN28_937_2019,MKN28
CVCL_0434,MKN45_938_2019,MKN45
CVCL_1417,MKN7_939_2019,MKN7
CVCL_2791,MKN74_940_2019,MKN74
CVCL_H525,ML1_941_2019,ML-1
CVCL_1418,ML2_942_2019,ML-2
CVCL_1419,MLMA_943_2019,MLMA
CVCL_8792,MM1S_944_2019,MM1-S
CVCL_1420,MMACSF_945_2019,MMAC-SF
CVCL_1421,MN60_946_2019,MN-60
CVCL_1439,MoT_947_2019,Mo-T
CVCL_2613,MOGGCCM_948_2019,MOG-G-CCM
CVCL_2614,MOGGUVW_949_2019,MOG-G-UVW
CVCL_2119,MOLM13_950_2019,MOLM-13
CVCL_2120,MOLM16_951_2019,MOLM-16
CVCL_2122,MOLM6_952_2019,MOLM-6
CVCL_2123,MOLP2_953_2019,MOLP-2
CVCL_2124,MOLP8_954_2019,MOLP-8
CVCL_1422,MOLT13_955_2019,MOLT-13
CVCL_1424,MOLT16_956_2019,MOLT-16
CVCL_0624,MOLT3_957_2019,MOLT-3
CVCL_0013,MOLT4_958_2019,MOLT-4
CVCL_1425,MONOMAC1_959_2019,MONO-MAC-1
CVCL_1426,MONOMAC6_960_2019,MONO-MAC-6
CVCL_2618,MOR_961_2019,MOR
CVCL_2620,MOR_CPR_962_2019,MOR/CPR
CVCL_2127,MOTN1_963_2019,MOTN-1
CVCL_1427,MPP89_964_2019,MPP-89
CVCL_1428,MRKnu1_965_2019,MRK-nu-1
CVCL_1429,MS1_966_2019,MS-1
CVCL_4996,MS751_967_2019,MS751
CVCL_1430,MSTO211H_968_2019,MSTO-211H
CVCL_2129,MT3_969_2019,MT3
CVCL_1433,MUTZ3_970_2019,MUTZ-3
CVCL_1873,MUTZ5_971_2019,MUTZ-5
CVCL_0064,MV411_972_2019,MV-4-11
CVCL_4774,MX1_973_2019,MX-1
CVCL_3035,MYM12_974_2019,MY-M12
CVCL_1434,MZ1PC_975_2019,MZ1-PC
CVCL_1435,MZ2MEL_976_2019,MZ2-MEL
CVCL_1436,MZ7mel_977_2019,MZ7-mel
CVCL_0091,NALM1_978_2019,NALM-1
CVCL_1835,NALM19_979_2019,NALM-19
CVCL_0092,NALM6_980_2019,NALM-6
CVCL_0067,NAMALWA_981_2019,NAMALWA
CVCL_3041,NBTU110_982_2019,NB-TU-1-10
CVCL_1440,NB1_984_2019,NB1
CVCL_1441,NB10_985_2019,NB10
CVCL_1442,NB12_986_2019,NB12
CVCL_1443,NB13_987_2019,NB13
CVCL_1444,NB14_988_2019,NB14
CVCL_1445,NB17_989_2019,NB17
CVCL_0005,NB4_990_2019,NB4
CVCL_8822,NB5_991_2019,NB5
CVCL_8823,NB6_992_2019,NB6
CVCL_1448,NB69_993_2019,NB69
CVCL_8824,NB7_994_2019,NB7
CVCL_1450,NBsusSR_995_2019,NBsusSR
CVCL_3055,NCCStCK140_996_2019,NCC-StC-K140
CVCL_X505,NCC010_997_2019,NCC010
CVCL_X506,NCC021_998_2019,NCC021
CVCL_1451,NCCIT_999_2019,NCCIT
CVCL_1453,NCIH1048_1000_2019,NCI-H1048
CVCL_1454,NCIH1092_1001_2019,NCI-H1092
CVCL_1455,NCIH1105_1002_2019,NCI-H1105
CVCL_1456,NCIH1155_1003_2019,NCI-H1155
CVCL_1458,NCIH1184_1004_2019,NCI-H1184
CVCL_1460,NCIH128_1005_2019,NCI-H128
CVCL_0060,NCIH1299_1006_2019,NCI-H1299
CVCL_1462,NCIH1304_1007_2019,NCI-H1304
CVCL_A472,NCIH1339_1008_2019,NCI-H1339
CVCL_1463,NCIH1341_1009_2019,NCI-H1341
CVCL_1464,NCIH1355_1010_2019,NCI-H1355
CVCL_1465,NCIH1373_1011_2019,NCI-H1373
CVCL_1466,NCIH1385_1012_2019,NCI-H1385
CVCL_1467,NCIH1395_1013_2019,NCI-H1395
CVCL_1468,NCIH1404_1014_2019,NCI-H1404
CVCL_1469,NCIH1417_1015_2019,NCI-H1417
CVCL_1470,NCIH1435_1016_2019,NCI-H1435
CVCL_1471,NCIH1436_1017_2019,NCI-H1436
CVCL_1472,NCIH1437_1018_2019,NCI-H1437
CVCL_1473,NCIH146_1019_2019,NCI-H146
CVCL_1474,NCIH1522_1020_2019,NCI-H1522
CVCL_1475,NCIH1563_1021_2019,NCI-H1563
CVCL_1476,NCIH1568_1022_2019,NCI-H1568
CVCL_1478,NCIH1573_1023_2019,NCI-H1573
CVCL_1479,NCIH1581_1024_2019,NCI-H1581
CVCL_1480,NCIH1618_1025_2019,NCI-H1618
CVCL_1481,NCIH1623_1026_2019,NCI-H1623
CVCL_1482,NCIH1648_1027_2019,NCI-H1648
CVCL_1483,NCIH1650_1028_2019,NCI-H1650
CVCL_1484,NCIH1651_1029_2019,NCI-H1651
CVCL_1485,NCIH1666_1030_2019,NCI-H1666
CVCL_1487,NCIH1688_1031_2019,NCI-H1688
CVCL_1488,NCIH1693_1032_2019,NCI-H1693
CVCL_1489,NCIH1694_1033_2019,NCI-H1694
CVCL_1490,NCIH1703_1034_2019,NCI-H1703
CVCL_1491,NCIH1734_1035_2019,NCI-H1734
CVCL_1492,NCIH1755_1036_2019,NCI-H1755
CVCL_1493,NCIH1770_1037_2019,NCI-H1770
CVCL_1494,NCIH1781_1038_2019,NCI-H1781
CVCL_1495,NCIH1792_1039_2019,NCI-H1792
CVCL_1496,NCIH1793_1040_2019,NCI-H1793
CVCL_1498,NCIH1836_1041_2019,NCI-H1836
CVCL_1499,NCIH1838_1042_2019,NCI-H1838
CVCL_1500,NCIH1869_1043_2019,NCI-H1869
CVCL_1501,NCIH187_1044_2019,NCI-H187
CVCL_1503,NCIH1876_1045_2019,NCI-H1876
CVCL_1504,NCIH1882_1046_2019,NCI-H1882
CVCL_1505,NCIH1915_1047_2019,NCI-H1915
CVCL_1506,NCIH1926_1048_2019,NCI-H1926
CVCL_1507,NCIH1930_1049_2019,NCI-H1930
CVCL_1508,NCIH1944_1050_2019,NCI-H1944
CVCL_1509,NCIH196_1051_2019,NCI-H196
CVCL_1510,NCIH1963_1052_2019,NCI-H1963
CVCL_1511,NCIH1975_1053_2019,NCI-H1975
CVCL_1512,NCIH1993_1054_2019,NCI-H1993
CVCL_1514,NCIH2009_1055_2019,NCI-H2009
CVCL_1515,NCIH2023_1056_2019,NCI-H2023
CVCL_1516,NCIH2029_1057_2019,NCI-H2029
CVCL_1517,NCIH2030_1058_2019,NCI-H2030
CVCL_1518,NCIH2052_1059_2019,NCI-H2052
CVCL_1520,NCIH2066_1060_2019,NCI-H2066
CVCL_1521,NCIH2073_1061_2019,NCI-H2073
CVCL_1522,NCIH2081_1062_2019,NCI-H2081
CVCL_1523,NCIH2085_1063_2019,NCI-H2085
CVCL_1524,NCIH2087_1064_2019,NCI-H2087
CVCL_1525,NCIH209_1065_2019,NCI-H209
CVCL_1526,NCIH2106_1066_2019,NCI-H2106
CVCL_1527,NCIH2107_1067_2019,NCI-H2107
CVCL_1529,NCIH211_1068_2019,NCI-H211
CVCL_1530,NCIH2110_1069_2019,NCI-H2110
CVCL_1531,NCIH2122_1070_2019,NCI-H2122
CVCL_1532,NCIH2126_1071_2019,NCI-H2126
CVCL_1533,NCIH2135_1072_2019,NCI-H2135
CVCL_1534,NCIH2141_1073_2019,NCI-H2141
CVCL_1535,NCIH2170_1074_2019,NCI-H2170
CVCL_1536,NCIH2171_1075_2019,NCI-H2171
CVCL_1537,NCIH2172_1076_2019,NCI-H2172
CVCL_1539,NCIH2196_1077_2019,NCI-H2196
CVCL_1540,NCIH2198_1078_2019,NCI-H2198
CVCL_1541,NCIH220_1079_2019,NCI-H220
CVCL_1542,NCIH2227_1080_2019,NCI-H2227
CVCL_1543,NCIH2228_1081_2019,NCI-H2228
CVCL_1544,NCIH226_1082_2019,NCI-H226
CVCL_1545,NCIH2286_1083_2019,NCI-H2286
CVCL_1546,NCIH2291_1084_2019,NCI-H2291
CVCL_1547,NCIH23_1085_2019,NCI-H23
CVCL_1549,NCIH2342_1086_2019,NCI-H2342
CVCL_1550,NCIH2347_1087_2019,NCI-H2347
CVCL_A532,NCIH2369_1088_2019,NCI-H2369
CVCL_A533,NCIH2373_1089_2019,NCI-H2373
CVCL_1551,NCIH2405_1090_2019,NCI-H2405
CVCL_1552,NCIH2444_1091_2019,NCI-H2444
CVCL_1553,NCIH2452_1092_2019,NCI-H2452
CVCL_A536,NCIH2461_1093_2019,NCI-H2461
CVCL_1554,NCIH250_1094_2019,NCI-H250
CVCL_A545,NCIH2595_1095_2019,NCI-H2595
CVCL_A546,NCIH2596_1096_2019,NCI-H2596
CVCL_U994,NCIH2722_1097_2019,NCI-H2722
CVCL_U996,NCIH2795_1098_2019,NCI-H2795
CVCL_1555,NCIH28_1099_2019,NCI-H28
CVCL_U997,NCIH2803_1100_2019,NCI-H2803
CVCL_U998,NCIH2804_1101_2019,NCI-H2804
CVCL_U999,NCIH2810_1102_2019,NCI-H2810
CVCL_0455,NCIH292_1103_2019,NCI-H292
CVCL_5160,NCIH3122_1104_2019,NCI-H3122
CVCL_1556,NCIH322_1105_2019,NCI-H322
CVCL_1557,NCIH322M_1106_2019,NCI-H322M
CVCL_6831,NCIH3255_1108_2019,NCI-H3255
CVCL_1558,NCIH345_1109_2019,NCI-H345
CVCL_1559,NCIH358_1110_2019,NCI-H358
CVCL_1560,NCIH378_1111_2019,NCI-H378
CVCL_1561,NCIH441_1112_2019,NCI-H441
CVCL_1562,NCIH446_1113_2019,NCI-H446
CVCL_0459,NCIH460_1114_2019,NCI-H460
CVCL_1564,NCIH508_1115_2019,NCI-H508
CVCL_1565,NCIH510A_1116_2019,NCI-H510A
CVCL_1566,NCIH520_1117_2019,NCI-H520
CVCL_1567,NCIH522_1118_2019,NCI-H522
CVCL_1568,NCIH524_1119_2019,NCI-H524
CVCL_1569,NCIH526_1120_2019,NCI-H526
CVCL_1571,NCIH596_1121_2019,NCI-H596
CVCL_1572,NCIH630_1122_2019,NCI-H630
CVCL_1573,NCIH64_1123_2019,NCI-H64
CVCL_1574,NCIH647_1124_2019,NCI-H647
CVCL_1575,NCIH650_1125_2019,NCI-H650
CVCL_1576,NCIH660_1126_2019,NCI-H660
CVCL_1577,NCIH661_1127_2019,NCI-H661
CVCL_9980,NCIH684_1128_2019,NCI-H684
CVCL_1579,NCIH69_1129_2019,NCI-H69
CVCL_1581,NCIH716_1130_2019,NCI-H716
CVCL_1582,NCIH719_1131_2019,NCI-H719
CVCL_1583,NCIH720_1132_2019,NCI-H720
CVCL_1584,NCIH727_1133_2019,NCI-H727
CVCL_1585,NCIH735_1134_2019,NCI-H735
CVCL_1586,NCIH740_1135_2019,NCI-H740
CVCL_1587,NCIH747_1136_2019,NCI-H747
CVCL_1588,NCIH748_1137_2019,NCI-H748
CVCL_1590,NCIH810_1138_2019,NCI-H810
CVCL_1591,NCIH82_1139_2019,NCI-H82
CVCL_1592,NCIH820_1140_2019,NCI-H820
CVCL_1593,NCIH835_1141_2019,NCI-H835
CVCL_1594,NCIH838_1142_2019,NCI-H838
CVCL_1595,NCIH841_1143_2019,NCI-H841
CVCL_1596,NCIH847_1144_2019,NCI-H847
CVCL_A584,NCIH854_1145_2019,NCI-H854
CVCL_1597,NCIH865_1146_2019,NCI-H865
CVCL_1598,NCIH889_1147_2019,NCI-H889
CVCL_1599,NCIH920_1148_2019,NCI-H920
CVCL_1600,NCIH929_1149_2019,NCI-H929
CVCL_1602,NCIN417_1150_2019,NCI-N417
CVCL_1603,NCIN87_1151_2019,NCI-N87
CVCL_3043,NCO2_1155_2019,NCO2
CVCL_1604,NEC8_1156_2019,NEC8
CVCL_1605,NH12_1157_2019,NH-12
CVCL_1606,NH6_1158_2019,NH-6
CVCL_3755,NK92MI_1160_2019,NK-92MI
CVCL_1607,NKM1_1161_2019,NKM-1
CVCL_1608,NMCG1_1162_2019,NMC-G1
CVCL_3075,no10_1163_2019,no-10
CVCL_3076,no11_1164_2019,no-11
CVCL_1609,NOMO1_1165_2019,NOMO-1
CVCL_1610,NOS1_1166_2019,NOS-1
CVCL_0034,NTERA2_1167_2019,NTERA-2
CVCL_3407,NTERASclD1_1169_2019,NTERA-S-cl-D1
CVCL_1876,NUDHL1_1170_2019,NU-DHL-1
CVCL_1877,NUDUL1_1171_2019,NU-DUL-1
CVCL_1611,NUGC2_1172_2019,NUGC-2
CVCL_1612,NUGC3_1173_2019,NUGC-3
CVCL_3082,NUGC4_1174_2019,NUGC-4
CVCL_1613,NY_1175_2019,NY
CVCL_1842,OACM51_1176_2019,OACM5-1
CVCL_1843,OACp4C_1177_2019,OACp4C
CVCL_1614,OAW28_1178_2019,OAW-28
CVCL_1615,OAW42_1179_2019,OAW-42
CVCL_1617,OC315_1180_2019,OC 315
CVCL_1618,OC316_1181_2019,OC 316
CVCL_1616,OC314_1182_2019,OC-314
CVCL_1619,OCIAML2_1183_2019,OCI-AML2
CVCL_1844,OCIAML3_1184_2019,OCI-AML3
CVCL_1620,OCIAML5_1185_2019,OCI-AML5
CVCL_1878,OCILY19_1186_2019,OCI-LY-19
CVCL_1881,OCILY7_1187_2019,OCI-LY-7
CVCL_8795,OCILY10_1188_2019,OCI-LY10
CVCL_8800,OCILY3_1189_2019,OCI-LY3
CVCL_2149,OCIM1_1190_2019,OCI-M1
CVCL_2150,OCIM2_1191_2019,OCI-M2
CVCL_1621,OCUBM_1192_2019,OCUB-M
CVCL_3084,OCUM1_1193_2019,OCUM-1
CVCL_1622,OE19_1194_2019,OE19
CVCL_2661,OE21_1195_2019,OE21
CVCL_0471,OE33_1196_2019,OE33
CVCL_IW56,OELE_1197_2019,OELE
CVCL_9815,Okajima_1198_2019,Okajima
CVCL_1623,OMC1_1199_2019,OMC-1
CVCL_1882,ONCODG1_1200_2019,ONCO-DG-1
CVCL_1624,ONS76_1201_2019,ONS-76
CVCL_1625,OPM2_1202_2019,OPM-2
CVCL_1626,OSRC2_1203_2019,OS-RC-2
CVCL_EQ73,OSA80_1204_2019,OSA-80
CVCL_3086,OSC19_1205_2019,OSC-19
CVCL_3087,OSC20_1206_2019,OSC-20
CVCL_3088,OUMS23_1207_2019,OUMS-23
CVCL_3090,OUMS27_1208_2019,OUMS-27
CVCL_2672,OV17R_1209_2019,OV-17R
CVCL_3768,OV90_1210_2019,OV-90
CVCL_2673,OV56_1211_2019,OV56
CVCL_2675,OV7_1212_2019,OV7
CVCL_3935,OVCA420_1213_2019,OVCA 420
CVCL_3936,OvCA429_1214_2019,OvCA 429
CVCL_3769,OvCA432_1215_2019,OvCA 432
CVCL_0475,OVCA433_1216_2019,OVCA433
CVCL_0465,OVCAR3_1217_2019,OVCAR-3
CVCL_1627,OVCAR4_1218_2019,OVCAR-4
CVCL_1628,OVCAR5_1219_2019,OVCAR-5
CVCL_1629,OVCAR8_1220_2019,OVCAR-8
CVCL_3116,OVISE_1222_2019,OVISE
CVCL_3770,OVK18_1223_2019,OVK18
CVCL_3110,OVKATE_1224_2019,OVKATE
CVCL_3111,OVMANA_1225_2019,OVMANA
CVCL_3112,OVMIU_1226_2019,OVMIU
CVCL_3114,OVSAHO_1227_2019,OVSAHO
CVCL_3117,OVTOKO_1228_2019,OVTOKO
CVCL_6429,P116_1229_2019,P116
CVCL_1630,P12ICHIKAWA_1230_2019,P12-ICHIKAWA
CVCL_1631,P30OHK_1231_2019,P30-OHK
CVCL_1632,P31FUJ_1232_2019,P31-FUJ
CVCL_3119,P32ISH_1233_2019,P32-ISH
CVCL_2676,P3HR1_1234_2019,P3HR-1
CVCL_0479,PA1_1235_2019,PA-1
CVCL_1845,PATU8902_1236_2019,PA-TU-8902
CVCL_1846,PATU8988S_1237_2019,PA-TU-8988S
CVCL_1847,PATU8988T_1238_2019,PA-TU-8988T
CVCL_1633,Panc02_03_1239_2019,Panc 02.03
CVCL_1634,Panc02_13_1240_2019,Panc 02.13
CVCL_1635,Panc03_27_1241_2019,Panc 03.27
CVCL_1636,Panc04_03_1242_2019,Panc 04.03
CVCL_1637,Panc05_04_1243_2019,Panc 05.04
CVCL_1638,Panc08_13_1244_2019,Panc 08.13
CVCL_1639,Panc10_05_1245_2019,Panc 10.05
CVCL_0480,PANC1_1246_2019,PANC-1
CVCL_1640,PC14_1247_2019,PC-14
CVCL_0035,PC3_1248_2019,PC-3
CVCL_S982,PC3_JPC3_1249_2019,PC-3
CVCL_C184,PCI15A_1250_2019,PCI-15A
CVCL_C757,PCI30_1251_2019,PCI-30
CVCL_M471,PCI38_1252_2019,PCI-38
CVCL_C171,PCI4B_1253_2019,PCI-4B
CVCL_C173,PCI6A_1254_2019,PCI-6A
CVCL_4666,PCM6_1255_2019,PCM6
CVCL_2678,PE_CAPJ15_1256_2019,PE/CA-PJ15
CVCL_2679,PE_CAPJ34_cloneC12_1257_2019,PE/CA-PJ34 (clone C12)
CVCL_2680,PE_CAPJ41_cloneD2_1258_2019,PE/CA-PJ41 (clone D2)
CVCL_2681,PE_CAPJ49_1259_2019,PE/CA-PJ49
CVCL_2686,PE01_1260_2019,PE01
CVCL_1913,PEER_1261_2019,PEER
CVCL_1641,PF382_1262_2019,PF-382
CVCL_3326,Pfeiffer_1263_2019,Pfeiffer
CVCL_1642,PFSK1_1264_2019,PFSK-1
CVCL_4717,PK1_1265_2019,PK-1
CVCL_6748,PK45H_1266_2019,PK-45H
CVCL_6749,PK45P_1267_2019,PK-45P
CVCL_4897,PK59_1268_2019,PK-59
CVCL_4718,PK8_1269_2019,PK-8
CVCL_2161,PL21_1270_2019,PL-21
CVCL_X507,PL18_1271_2019,PL18
CVCL_S976,PL4_1272_2019,PL4
CVCL_3567,PL45_1273_2019,PL45
CVCL_0485,PLCPRF5_1274_2019,PLC-PRF-5
CVCL_5215,PMC42_1275_2019,PMC42
CVCL_V626,PrECLH_1276_2019,PrEC LH
CVCL_1644,PSN1_1277_2019,PSN1
CVCL_L298,PSTS_1278_2019,PSTS
CVCL_3775,PWR1E_1279_2019,PWR-1E
CVCL_3143,QGP1_1280_2019,QGP-1
CVCL_1645,QIMRWIL_1281_2019,QIMR-WIL
CVCL_0511,Raji_1282_2019,Raji
CVCL_0597,RAMOS_1283_2019,RAMOS
CVCL_1646,Ramos2G64C10_1284_2019,Ramos-2G6-4C10
CVCL_1883,RCK8_1285_2019,RC-K8
CVCL_0498,RCC4_1286_2019,RCC-4
CVCL_5868,RCCAB_1287_2019,RCC-AB
CVCL_5870,RCCER_1288_2019,RCC-ER
CVCL_5873,RCCFG2_1289_2019,RCC-FG2
CVCL_5879,RCCJF_1290_2019,RCC-JF
CVCL_5880,RCCJW_1291_2019,RCC-JW
CVCL_5884,RCCMF_1292_2019,RCC-MF
CVCL_1647,RCC10RGB_1293_2019,RCC10RGB
CVCL_1851,RCHACV_1294_2019,RCH-ACV
CVCL_1648,RCM1_1295_2019,RCM-1
CVCL_1649,RD_1296_2019,RD
CVCL_2169,RDES_1297_2019,RD-ES
CVCL_1884,REC1_1298_2019,REC-1
CVCL_1650,REH_1299_2019,REH
CVCL_3152,RERFGC1B_1300_2019,RERF-GC-1B
CVCL_1651,RERFLCAd1_1301_2019,RERF-LC-Ad1
CVCL_1652,RERFLCAd2_1302_2019,RERF-LC-Ad2
CVCL_4402,RERFLCAI_1303_2019,RERF-LC-AI
CVCL_1653,RERFLCFM_1304_2019,RERF-LC-FM
CVCL_1654,RERFLCKJ_1305_2019,RERF-LC-KJ
CVCL_1655,RERFLCMS_1306_2019,RERF-LC-MS
CVCL_3154,RERFLCOK_1307_2019,RERF-LC-OK
CVCL_1656,RERFLCSq1_1308_2019,RERF-LC-Sq1
CVCL_1657,RF48_1309_2019,RF-48
CVCL_1658,RH1_1310_2019,RH-1
CVCL_1659,RH18_1311_2019,RH-18
CVCL_0041,RH30_1312_2019,RH-30
CVCL_2176,RH41_1313_2019,RH-41
CVCL_1885,RI1_1314_2019,RI-1
CVCL_3156,RKN_1315_2019,RKN
CVCL_0504,RKO_1316_2019,RKO
CVCL_3787,RKOE6_1317_2019,RKO-E6
CVCL_1660,RL_1318_2019,RL
CVCL_0505,RL952_1319_2019,RL95-2
CVCL_1662,RMGI_1320_2019,RMG-I
CVCL_3158,RMUGS_1321_2019,RMUG-S
CVCL_0582,RO82W1_1322_2019,RO82-W-1
CVCL_1887,ROS50_1323_2019,ROS-50
CVCL_1664,RPMI2650_1324_2019,RPMI-2650
CVCL_1665,RPMI6666_1325_2019,RPMI-6666
CVCL_1666,RPMI7951_1326_2019,RPMI-7951
CVCL_0014,RPMI8226_1327_2019,RPMI-8226
CVCL_1667,RPMI8402_1328_2019,RPMI-8402
CVCL_1668,RPMI8866_1329_2019,RPMI-8866
CVCL_2182,RS5_1330_2019,RS-5
CVCL_0093,RS4_11_1331_2019,RS4;11
CVCL_1670,RT112_1332_2019,RT-112
CVCL_2714,RT112_84_1333_2019,RT112/84
CVCL_0036,RT4_1334_2019,RT4
CVCL_1672,RVH421_1335_2019,RVH-421
CVCL_3791,RWPE1_1336_2019,RWPE1
CVCL_3793,RWPE2W99_1337_2019,RWPE2-W99
CVCL_1673,RXF393_1338_2019,RXF393
CVCL_1674,S117_1339_2019,S-117
CVCL_2499,S1_1340_2019,S1
CVCL_H589,SACC83_1341_2019,SACC-83
CVCL_0548,Saos2_1343_2019,Saos-2
CVCL_5G89,Sarc9371_1344_2019,Sarc9371
CVCL_1675,SAS_1345_2019,SAS
CVCL_3160,SAT_1346_2019,SAT
CVCL_1676,SBC1_1347_2019,SBC-1
CVCL_1678,SBC3_1348_2019,SBC-3
CVCL_1679,SBC5_1349_2019,SBC-5
CVCL_1888,SC1_1350_2019,SC-1
CVCL_3599,SCaBER_1351_2019,SCaBER
CVCL_1681,SCC15_1352_2019,SCC-15
CVCL_1682,SCC25_1353_2019,SCC-25
CVCL_1683,SCC3_1354_2019,SCC-3
CVCL_1684,SCC4_1355_2019,SCC-4
CVCL_1685,SCC9_1356_2019,SCC-9
CVCL_1899,SCC90_1357_2019,SCC90
CVCL_3161,SCCH196_1358_2019,SCCH-196
CVCL_1687,SCH_1359_2019,SCH
CVCL_0024,SCLC21H_1361_2019,SCLC-21H
CVCL_2186,SCLC22H_1362_2019,SCLC-22H
CVCL_0095,SEM_1363_2019,SEM
CVCL_2187,Set2_1364_2019,Set-2
CVCL_V613,SF172_1365_2019,SF-172
CVCL_1688,SF126_1366_2019,SF126
CVCL_1689,SF268_1367_2019,SF268
CVCL_1690,SF295_1368_2019,SF295
CVCL_1691,SF539_1369_2019,SF539
CVCL_6950,SF767_1370_2019,SF767
CVCL_K085,SF8657_1371_2019,SF8657
CVCL_5167,SH10TC_1372_2019,SH-10-TC
CVCL_1692,SH4_1373_2019,SH-4
CVCL_0019,SHSY5Y_1374_2019,SH-SY5Y
CVCL_1693,SHP77_1375_2019,SHP-77
CVCL_1694,SIGM5_1376_2019,SIG-M5
CVCL_0032,SiHa_1377_2019,SiHa
CVCL_1695,SIMA_1378_2019,SIMA
CVCL_2193,SISO_1379_2019,SISO
CVCL_1697,SJSA1_1382_2019,SJSA-1
CVCL_0033,SKBR3_1383_2019,SK-BR-3
CVCL_5217,SKBR5_1384_2019,SK-BR-5
CVCL_5218,SKBR7_1385_2019,SK-BR-7
CVCL_0626,SKCO1_1386_2019,SK-CO-1
CVCL_0627,SKES1_1387_2019,SK-ES-1
CVCL_2194,SKGT2_1388_2019,SK-GT-2
CVCL_2195,SKGT4_1389_2019,SK-GT-4
CVCL_0525,SKHEP1_1390_2019,SK-HEP-1
CVCL_0628,SKLMS1_1391_2019,SK-LMS-1
CVCL_0629,SKLU1_1392_2019,SK-LU-1
CVCL_0068,SKMEL1_1393_2019,SK-MEL-1
CVCL_0069,SKMEL2_1394_2019,SK-MEL-2
CVCL_0599,SKMEL24_1395_2019,SK-MEL-24
CVCL_0526,SKMEL28_1396_2019,SK-MEL-28
CVCL_0550,SKMEL3_1397_2019,SK-MEL-3
CVCL_0039,SKMEL30_1398_2019,SK-MEL-30
CVCL_0600,SKMEL31_1399_2019,SK-MEL-31
CVCL_0527,SKMEL5_1400_2019,SK-MEL-5
CVCL_0630,SKMES1_1401_2019,SK-MES-1
CVCL_1698,SKMG1_1402_2019,SK-MG-1
CVCL_1699,SKMM2_1403_2019,SK-MM-2
CVCL_1700,SKNAS_1404_2019,SK-N-AS
CVCL_0528,SKNBE_2_1405_2019,SK-N-BE(2)
CVCL_1701,SKNDZ_1406_2019,SK-N-DZ
CVCL_1702,SKNFI_1407_2019,SK-N-FI
CVCL_0530,SKNMC_1408_2019,SK-N-MC
CVCL_0531,SKNSH_1409_2019,SK-N-SH
CVCL_0631,SKNEP1_1410_2019,SK-NEP-1
CVCL_0532,SKOV3_1411_2019,SK-OV-3
CVCL_1703,SKPNDW_1412_2019,SK-PN-DW
CVCL_6186,SKRC31_1413_2019,SK-RC 31
CVCL_V605,SKRC20_1414_2019,SK-RC-20
CVCL_0533,SKUT1_1415_2019,SK-UT-1
CVCL_6027,SK23_1416_2019,SK23
CVCL_1704,SKGIIIa_1417_2019,SKG-IIIa
CVCL_0098,SKM1_1418_2019,SKM-1
CVCL_3167,SKN_1419_2019,SKN
CVCL_3168,SKN3_1420_2019,SKN-3
CVCL_V606,SLR20_1421_2019,SLR 20
CVCL_V607,SLR21_1422_2019,SLR 21
CVCL_V609,SLR23_1423_2019,SLR 23
CVCL_V610,SLR24_1424_2019,SLR 24
CVCL_V611,SLR25_1425_2019,SLR 25
CVCL_V612,SLR26_1426_2019,SLR 26
CVCL_3169,SLVL_1427_2019,SLVL
CVCL_1705,SN12C_1428_2019,SN12C
CVCL_0535,SNB19_1429_2019,SNB19
CVCL_1706,SNB75_1430_2019,SNB75
CVCL_1707,SNGM_1431_2019,SNG-M
CVCL_0099,SNU1_1432_2019,SNU-1
CVCL_5002,SNU1033_1433_2019,SNU-1033
CVCL_5003,SNU1040_1434_2019,SNU-1040
CVCL_L085,SNU1041_1435_2019,SNU-1041
CVCL_5005,SNU1066_1436_2019,SNU-1066
CVCL_5006,SNU1076_1437_2019,SNU-1076
CVCL_5007,SNU1077_1438_2019,SNU-1077
CVCL_5008,SNU1079_1439_2019,SNU-1079
CVCL_5010,SNU1105_1440_2019,SNU-1105
CVCL_5014,SNU119_1441_2019,SNU-119
CVCL_5015,SNU1196_1442_2019,SNU-1196
CVCL_5016,SNU1197_1443_2019,SNU-1197
CVCL_5017,SNU1214_1444_2019,SNU-1214
CVCL_8788,SNU1272_1445_2019,SNU-1272
CVCL_0076,SNU16_1446_2019,SNU-16
CVCL_5031,SNU175_1447_2019,SNU-175
CVCL_0090,SNU182_1448_2019,SNU-182
CVCL_5033,SNU201_1449_2019,SNU-201
CVCL_5034,SNU213_1450_2019,SNU-213
CVCL_3946,SNU216_1451_2019,SNU-216
CVCL_5038,SNU245_1452_2019,SNU-245
CVCL_5044,SNU283_1453_2019,SNU-283
CVCL_5048,SNU308_1454_2019,SNU-308
CVCL_5051,SNU324_1455_2019,SNU-324
CVCL_5054,SNU349_1456_2019,SNU-349
CVCL_0250,SNU387_1457_2019,SNU-387
CVCL_0077,SNU398_1458_2019,SNU-398
CVCL_5058,SNU407_1459_2019,SNU-407
CVCL_5059,SNU410_1460_2019,SNU-410
CVCL_0366,SNU423_1461_2019,SNU-423
CVCL_0454,SNU449_1462_2019,SNU-449
CVCL_5063,SNU46_1463_2019,SNU-46
CVCL_5064,SNU466_1464_2019,SNU-466
CVCL_0497,SNU475_1465_2019,SNU-475
CVCL_5065,SNU478_1466_2019,SNU-478
CVCL_0100,SNU484_1467_2019,SNU-484
CVCL_5069,SNU489_1468_2019,SNU-489
CVCL_0078,SNU5_1469_2019,SNU-5
CVCL_5071,SNU503_1470_2019,SNU-503
CVCL_5072,SNU520_1471_2019,SNU-520
CVCL_0101,SNU601_1472_2019,SNU-601
CVCL_5078,SNU61_1473_2019,SNU-61
CVCL_5079,SNU620_1474_2019,SNU-620
CVCL_5080,SNU626_1475_2019,SNU-626
CVCL_0102,SNU638_1476_2019,SNU-638
CVCL_5081,SNU668_1477_2019,SNU-668
CVCL_5083,SNU685_1478_2019,SNU-685
CVCL_5086,SNU719_1479_2019,SNU-719
CVCL_5087,SNU738_1480_2019,SNU-738
CVCL_5089,SNU761_1481_2019,SNU-761
CVCL_5096,SNU8_1482_2019,SNU-8
CVCL_5098,SNU81_1483_2019,SNU-81
CVCL_5100,SNU840_1484_2019,SNU-840
CVCL_5101,SNU869_1485_2019,SNU-869
CVCL_5102,SNU878_1486_2019,SNU-878
CVCL_5103,SNU886_1487_2019,SNU-886
CVCL_5105,SNU899_1488_2019,SNU-899
CVCL_1708,SNUC1_1489_2019,SNU-C1
CVCL_1709,SNUC2A_1490_2019,SNU-C2A
CVCL_1710,SNUC2B_1491_2019,SNU-C2B
CVCL_5111,SNUC4_1492_2019,SNU-C4
CVCL_5112,SNUC5_1493_2019,SNU-C5
CVCL_4900,Sq1_1494_2019,Sq-1
CVCL_1711,SR_1495_2019,SR
CVCL_1712,ST486_1497_2019,ST486
CVCL_X508,STS0421_1498_2019,STS-0421
CVCL_0538,SUDHL1_1499_2019,SU-DHL-1
CVCL_1889,SUDHL10_1500_2019,SU-DHL-10
CVCL_1890,SUDHL16_1501_2019,SU-DHL-16
CVCL_0539,SUDHL4_1502_2019,SU-DHL-4
CVCL_1735,SUDHL5_1503_2019,SU-DHL-5
CVCL_2206,SUDHL6_1504_2019,SU-DHL-6
CVCL_2207,SUDHL8_1505_2019,SU-DHL-8
CVCL_3881,SU_86_86_1506_2019,SU.86.86
CVCL_3172,SUIT2_1507_2019,SUIT-2
CVCL_5589,SUM1315M02_1508_2019,SUM 1315M02
CVCL_3422,SUM149PT_1509_2019,SUM 149PT
CVCL_5423,SUM159PT_1510_2019,SUM 159PT
CVCL_3423,SUM190_1511_2019,SUM 190
CVCL_5594,SUM229PE_1512_2019,SUM 229PE
CVCL_3425,SUM52PE_1513_2019,SUM 52PE
CVCL_3421,SUM102PT_1514_2019,SUM102PT
CVCL_5591,SUM185PE_1515_2019,SUM185PE
CVCL_5593,SUM225CWN_1516_2019,SUM225CWN
CVCL_3424,SUM44PE_1517_2019,SUM44PE
CVCL_0103,SUPB15_1518_2019,SUP-B15
CVCL_1713,SUPB8_1519_2019,SUP-B8
CVCL_2208,SUPHD1_1520_2019,SUP-HD1
CVCL_2209,SUPM2_1521_2019,SUP-M2
CVCL_1714,SUPT1_1522_2019,SUP-T1
CVCL_2210,SUPT11_1523_2019,SUP-T11
CVCL_1716,SW1271_1524_2019,SW 1271
CVCL_0543,SW1353_1525_2019,SW 1353
CVCL_3799,SW527_1526_2019,SW 527
CVCL_1715,SW1088_1527_2019,SW1088
CVCL_0544,SW1116_1528_2019,SW1116
CVCL_0542,SW13_1529_2019,SW13
CVCL_1717,SW1417_1530_2019,SW1417
CVCL_1718,SW1463_1531_2019,SW1463
CVCL_1719,SW156_1532_2019,SW156
CVCL_1720,SW1573_1533_2019,SW1573
CVCL_1721,SW1710_1534_2019,SW1710
CVCL_1722,SW1783_1535_2019,SW1783
CVCL_1723,SW1990_1536_2019,SW1990
CVCL_0545,SW403_1537_2019,SW403
CVCL_1724,SW48_1538_2019,SW48
CVCL_0546,SW480_1539_2019,SW480
CVCL_3603,SW579_1540_2019,SW579
CVCL_0547,SW620_1541_2019,SW620
CVCL_1725,SW626_1542_2019,SW626
CVCL_1726,SW684_1543_2019,SW684
CVCL_1727,SW756_1544_2019,SW756
CVCL_1728,SW780_1545_2019,SW780
CVCL_1729,SW837_1546_2019,SW837
CVCL_1730,SW872_1547_2019,SW872
CVCL_1731,SW900_1548_2019,SW900
CVCL_0632,SW948_1549_2019,SW948
CVCL_1732,SW954_1550_2019,SW954
CVCL_1733,SW962_1551_2019,SW962
CVCL_1734,SW982_1552_2019,SW982
CVCL_7146,SYO1_1553_2019,SYO1
CVCL_0554,T24_1554_2019,T-24
CVCL_3174,T_T_1555_2019,T.T
CVCL_8067,T3M10_1556_2019,T3M-10
CVCL_4056,T3M4_1557_2019,T3M-4
CVCL_2501,T4_1558_2019,T4
CVCL_0553,T47D_1559_2019,T47D
CVCL_0555,T84_1561_2019,T84
CVCL_0556,T98G_1562_2019,T98G
CVCL_3176,Takigawa_1563_2019,Takigawa
CVCL_1736,TALL1_1564_2019,TALL-1
CVCL_3177,TASK1_1565_2019,TASK1
CVCL_7151,TC32_1566_2019,TC-32
CVCL_2213,TC71_1567_2019,TC-71
CVCL_1737,TCYIK_1568_2019,TC-YIK
CVCL_3178,TCCPAN2_1569_2019,TCC-PAN2
CVCL_1738,TCCSUP_1570_2019,TCCSUP
CVCL_1740,TE125_T_1571_2019,TE 125.T
CVCL_1743,TE159_T_1572_2019,TE 159.T
CVCL_1754,TE441_T_1573_2019,TE 441.T
CVCL_1755,TE617_T_1574_2019,TE 617.T
CVCL_1759,TE1_1575_2019,TE-1
CVCL_1760,TE10_1576_2019,TE-10
CVCL_1761,TE11_1577_2019,TE-11
CVCL_1762,TE12_1578_2019,TE-12
CVCL_3336,TE14_1579_2019,TE-14
CVCL_1763,TE15_1580_2019,TE-15
CVCL_3337,TE4_1581_2019,TE-4
CVCL_1764,TE5_1582_2019,TE-5
CVCL_1765,TE6_1583_2019,TE-6
CVCL_1766,TE8_1584_2019,TE-8
CVCL_1767,TE9_1585_2019,TE-9
CVCL_E063,TEN_1586_2019,TEN
CVCL_2776,Tera1_1587_2019,Tera-1
CVCL_0559,TF1_1588_2019,TF-1
CVCL_1768,TGBC11TKB_1589_2019,TGBC11TKB
CVCL_1769,TGBC1TKB_1590_2019,TGBC1TKB
CVCL_1770,TGBC24TKB_1591_2019,TGBC24TKB
CVCL_1771,TGW_1592_2019,TGW
CVCL_0006,THP1_1593_2019,THP-1
CVCL_3605,TI73_1594_2019,TI-73
CVCL_V617,TIG3TD_1595_2019,TIG-3 TD
CVCL_3216,TK_1596_2019,TK
CVCL_1773,TK10_1597_2019,TK10
CVCL_6735,TM31_1598_2019,TM-31
CVCL_8001,TM8716_1599_2019,TM87-16
CVCL_A442,TMD8_1600_2019,TMD8
CVCL_4384,TMK1_1601_2019,TMK-1
CVCL_3806,TO175_T_1602_2019,TO 175.T
CVCL_3611,Toledo_1603_2019,Toledo
CVCL_3612,TOV112D_1604_2019,TOV-112D
CVCL_3613,TOV21G_1605_2019,TOV-21G
CVCL_1774,TT_1606_2019,TT
CVCL_2218,TT2609C02_1607_2019,TT2609-C02
CVCL_8007,TTC709_1608_2019,TTC709
CVCL_5952,TUHR10TKB_1610_2019,TUHR10TKB
CVCL_5953,TUHR14TKB_1611_2019,TUHR14TKB
CVCL_5957,TUHR4TKB_1612_2019,TUHR4TKB
CVCL_1775,TUR_1613_2019,TUR
CVCL_1776,TYKnu_1614_2019,TYK-nu
CVCL_3221,TYKnu_CPr_1615_2019,TYK-nu.CP-r
CVCL_0633,U118MG_1616_2019,U-118-MG
CVCL_0020,U138MG_1617_2019,U-138 MG
CVCL_A758,U178_1618_2019,U-178
CVCL_0042,U2OS_1619_2019,U-2-OS
CVCL_1896,U2932_1621_2019,U-2932
CVCL_0017,U698M_1622_2019,U-698-M
CVCL_0022,U87MG_1623_2019,U-87-MG
CVCL_0007,U937_1624_2019,U-937
CVCL_2738,UBLC1_1625_2019,U-BLC1
CVCL_4988,UCH1_1626_2019,U-CH1
CVCL_4989,UCH2_1627_2019,U-CH2
CVCL_0021,U251MG_1629_2019,U251MG
CVCL_0566,U266B1_1630_2019,U266B1
CVCL_4773,U343_1631_2019,U343
CVCL_1779,UACC257_1632_2019,UACC-257
CVCL_4042,UACC3199_1633_2019,UACC-3199
CVCL_1780,UACC62_1634_2019,UACC-62
CVCL_1781,UACC812_1635_2019,UACC-812
CVCL_1782,UACC893_1636_2019,UACC-893
CVCL_M009,UCSD242l_1637_2019,UCSD-242l
CVCL_E325,UDSCC2_1638_2019,UDSCC2
CVCL_3237,UE6E7T3_1639_2019,UE6E7T-3
CVCL_E996,UISOMCC1_1640_2019,UISO-MCC-1
CVCL_0104,UKE1_1641_2019,UKE-1
CVCL_2743,UMUC1_1642_2019,UM-UC-1
CVCL_1783,UMUC3_1643_2019,UM-UC-3
CVCL_1784,UMC11_1644_2019,UMC-11
CVCL_2739,UMRC2_1645_2019,UMRC2
CVCL_2741,UMRC6_1646_2019,UMRC6
CVCL_1911,UO31_1647_2019,UO31
CVCL_B076,UOK101_1648_2019,UOK101
CVCL_2233,UT7_1649_2019,UT-7
CVCL_B079,UWB1_289_1650_2019,UWB1.289
CVCL_1785,VAESBJ_1651_2019,VA-ES-BJ
CVCL_1819,VAL_1652_2019,VAL
CVCL_2235,VCaP_1653_2019,VCaP
CVCL_1786,VMCUB1_1654_2019,VM-CUB-1
CVCL_1787,VMRCLCD_1655_2019,VMRC-LCD
CVCL_1788,VMRCLCP_1656_2019,VMRC-LCP
CVCL_1789,VMRCMELG_1657_2019,VMRC-MELG
CVCL_1790,VMRCRCW_1658_2019,VMRC-RCW
CVCL_1791,VMRCRCZ_1659_2019,VMRC-RCZ
CVCL_2760,WIDR_1660_2019,WIDR
CVCL_2761,WIL2NS_1661_2019,WIL2-NS
CVCL_0040,WM115_1662_2019,WM-115
CVCL_2765,WM2664_1663_2019,WM-266-4
CVCL_8787,WM793_1664_2019,WM-793
CVCL_6805,WM88_1665_2019,WM-88
CVCL_6809,WM983B_1666_2019,WM-983B
CVCL_6785,WM1158_1667_2019,WM1158
CVCL_6472,WM1552C_1668_2019,WM1552C
CVCL_A341,WM1799_1669_2019,WM1799
CVCL_6795,WM239A_1670_2019,WM239A
CVCL_6473,WM278_1671_2019,WM278
CVCL_0580,WM35_1672_2019,WM35
CVCL_6807,WM902B_1674_2019,WM902B
CVCL_1902,WSUDLCL2_1675_2019,WSU-DLCL2
CVCL_1903,WSUFSCCL_1676_2019,WSU-FSCCL
CVCL_1793,WSUNHL_1677_2019,WSU-NHL
CVCL_6C44,YAMATO_1678_2019,YAMATO
CVCL_1794,YAPC_1679_2019,YAPC
CVCL_8929,YD10B_1680_2019,YD-10B
CVCL_8930,YD15_1681_2019,YD-15
CVCL_L083,YD38_1682_2019,YD-38
CVCL_L079,YD8_1683_2019,YD-8
CVCL_1795,YH13_1684_2019,YH-13
CVCL_1796,YKG1_1685_2019,YKG-1
CVCL_2814,YMB1_1686_2019,YMB-1
CVCL_2815,YMB1E_1687_2019,YMB-1-E
CVCL_1797,YT_1688_2019,YT
CVCL_0588,ZR751_1689_2019,ZR-75-1
CVCL_1661,ZR7530_1690_2019,ZR-75-30
CVCL_5614,ZR75B_1691_2019,ZR75B
CVCL_WS60,SALE_1342_2019,SALE
CVCL_WW37,BT112_112_2019,BT112
CVCL_WW38,BT131_114_2019,BT131
CVCL_WW39,BT139_115_2019,BT139
CVCL_WW43,BT179_122_2019,BT179
CVCL_WW46,BT187_123_2019,BT187
CVCL_WW49,BT216_124_2019,BT216
CVCL_WW50,BT224_125_2019,BT224
CVCL_WW51,BT228_126_2019,BT228
CVCL_WW52,BT231_127_2019,BT231
CVCL_WW53,BT232_128_2019,BT232
CVCL_WW54,BT239_129_2019,BT239
CVCL_WW55,BT248_131_2019,BT248
CVCL_WW56,BT271_132_2019,BT271
CVCL_WW57,BT286_133_2019,BT286
CVCL_WW58,BT320_134_2019,BT320
CVCL_WW59,BT328_135_2019,BT328
CVCL_WW60,BT330_136_2019,BT330
CVCL_WW61,BT333_137_2019,BT333
CVCL_WW62,BT340_138_2019,BT340
CVCL_WW63,BT359_139_2019,BT359
CVCL_WW64,BT416_140_2019,BT416
CVCL_WW65,BT422_141_2019,BT422
CVCL_WW66,BT428_142_2019,BT428
CVCL_WW67,BT440_143_2019,BT440
CVCL_WW68,BT444_144_2019,BT444
CVCL_WW69,BT482_145_2019,BT482
CVCL_WW71,BT498_146_2019,BT498
CVCL_WW72,BT504_147_2019,BT504
CVCL_L296,HSTS_623_2019,HSTS
CVCL_WS59,HEKTE_533_2019,HEK TE